run_id,timestamp,features,scaled_features,metrics,save
739b3969-a675-49e4-b965-1ccf6abd576f,2025-04-26 23:42:42,"['Home', 'Pace', 'eFG%_y', 'TOV%', 'DRB%', 'PTS_last_5_avg', 'MP_last_5_avg', 'PTS_trend_5', 'PTS_vol_5', 'PTS_per_min', 'def_adj', 'Days_of_rest', 'usage_rate', 'month_sin', 'month_cos', 'is_back2back']","['Pace', 'PTS_last_5_avg', 'MP_last_5_avg', 'PTS_vol_5', 'PTS_per_min', 'def_adj', 'PTS_trend_5', 'Days_of_rest', 'usage_rate']","{'rfr_mae_g': 3.824825543887484, 'rfr_rmse_g': 4.730781910654322, 'rfr_r2_g': 0.6871018920591172, 'rfr_bias_g': 0.025360671856364526, 'rfr_within_n_g': 0.49065420560747663, 'xgb_mae_g': 3.6469512152894636, 'xgb_rmse_g': 4.611423173669152, 'xgb_r2_g': 0.7026916974359314, 'xgb_bias_g': -0.08564151224688948, 'xgb_within_n_g': 0.48598130841121495, 'stacked_mae_g': 3.630580115175167, 'stacked_rmse_g': 4.565936684441056, 'stacked_r2_g': 0.7085279927846923, 'stacked_bias_g': -0.07797405345623817, 'stacked_within_n_g': 0.5093457943925234}"
82e36db8-7237-408c-a80b-dc85268eb91f,2025-04-26 23:44:28,"['Home', 'Pace', 'eFG%_y', 'TOV%', 'DRB%', 'PTS_last_5_avg', 'MP_last_5_avg', 'PTS_trend_5', 'PTS_vol_5', 'PTS_per_min', 'def_adj', 'Days_of_rest', 'usage_rate', 'month_sin', 'month_cos', 'is_back2back']","['Pace', 'PTS_last_5_avg', 'MP_last_5_avg', 'PTS_vol_5', 'PTS_per_min', 'def_adj', 'PTS_trend_5', 'Days_of_rest', 'usage_rate']","{'rfr_mae_g': 3.824825543887484, 'rfr_rmse_g': 4.730781910654322, 'rfr_r2_g': 0.6871018920591172, 'rfr_bias_g': 0.025360671856364526, 'rfr_within_n_g': 0.49065420560747663, 'xgb_mae_g': 3.6469512152894636, 'xgb_rmse_g': 4.611423173669152, 'xgb_r2_g': 0.7026916974359314, 'xgb_bias_g': -0.08564151224688948, 'xgb_within_n_g': 0.48598130841121495, 'stacked_mae_g': 3.630580115175167, 'stacked_rmse_g': 4.565936684441056, 'stacked_r2_g': 0.7085279927846923, 'stacked_bias_g': -0.07797405345623817, 'stacked_within_n_g': 0.5093457943925234}"
be50c7fc-6716-45bf-8e90-4a8a98224898,2025-04-26 23:44:28,"['Home', 'Pace', 'eFG%_y', 'TOV%', 'DRB%', 'PTS_last_5_avg', 'MP_last_5_avg', 'PTS_trend_5', 'PTS_vol_5', 'PTS_per_min', 'def_adj', 'Days_of_rest', 'usage_rate', 'month_sin', 'month_cos', 'is_back2back']","['Pace', 'PTS_last_5_avg', 'MP_last_5_avg', 'PTS_vol_5', 'PTS_per_min', 'def_adj', 'PTS_trend_5', 'Days_of_rest', 'usage_rate']","{'rfr_mae_g': 3.824825543887484, 'rfr_rmse_g': 4.730781910654322, 'rfr_r2_g': 0.6871018920591172, 'rfr_bias_g': 0.025360671856364526, 'rfr_within_n_g': 0.49065420560747663, 'xgb_mae_g': 3.6469512152894636, 'xgb_rmse_g': 4.611423173669152, 'xgb_r2_g': 0.7026916974359314, 'xgb_bias_g': -0.08564151224688948, 'xgb_within_n_g': 0.48598130841121495, 'stacked_mae_g': 3.630580115175167, 'stacked_rmse_g': 4.565936684441056, 'stacked_r2_g': 0.7085279927846923, 'stacked_bias_g': -0.07797405345623817, 'stacked_within_n_g': 0.5093457943925234}"
34307f5d-84ef-4a3f-becd-fab5e9cc3cdc,2025-04-26 23:44:33,"['Home', 'Pace', 'eFG%_y', 'TOV%', 'DRB%', 'PTS_last_5_avg', 'MP_last_5_avg', 'PTS_trend_5', 'PTS_vol_5', 'PTS_per_min', 'def_adj', 'Days_of_rest', 'usage_rate', 'month_sin', 'month_cos', 'is_back2back']","['Pace', 'PTS_last_5_avg', 'MP_last_5_avg', 'PTS_vol_5', 'PTS_per_min', 'def_adj', 'PTS_trend_5', 'Days_of_rest', 'usage_rate']","{'rfr_mae_g': 3.824825543887484, 'rfr_rmse_g': 4.730781910654322, 'rfr_r2_g': 0.6871018920591172, 'rfr_bias_g': 0.025360671856364526, 'rfr_within_n_g': 0.49065420560747663, 'xgb_mae_g': 3.6469512152894636, 'xgb_rmse_g': 4.611423173669152, 'xgb_r2_g': 0.7026916974359314, 'xgb_bias_g': -0.08564151224688948, 'xgb_within_n_g': 0.48598130841121495, 'stacked_mae_g': 3.630580115175167, 'stacked_rmse_g': 4.565936684441056, 'stacked_r2_g': 0.7085279927846923, 'stacked_bias_g': -0.07797405345623817, 'stacked_within_n_g': 0.5093457943925234}"
fa8f600d-1eed-4ba1-80b2-384add8f15dd,2025-04-26 23:48:17,"['Home', 'Pace', 'eFG%_y', 'TOV%', 'DRB%', 'PTS_last_5_avg', 'MP_last_5_avg', 'PTS_trend_5', 'PTS_vol_5', 'PTS_per_min', 'def_adj', 'Days_of_rest', 'usage_rate', 'month_sin', 'month_cos', 'is_back2back']","['Pace', 'PTS_last_5_avg', 'MP_last_5_avg', 'PTS_vol_5', 'PTS_per_min', 'def_adj', 'PTS_trend_5', 'Days_of_rest', 'usage_rate']","{'rfr_mae_g': 3.824825543887484, 'rfr_rmse_g': 4.730781910654322, 'rfr_r2_g': 0.6871018920591172, 'rfr_bias_g': 0.025360671856364526, 'rfr_within_n_g': 0.49065420560747663, 'xgb_mae_g': 3.6469512152894636, 'xgb_rmse_g': 4.611423173669152, 'xgb_r2_g': 0.7026916974359314, 'xgb_bias_g': -0.08564151224688948, 'xgb_within_n_g': 0.48598130841121495, 'stacked_mae_g': 3.630580115175167, 'stacked_rmse_g': 4.565936684441056, 'stacked_r2_g': 0.7085279927846923, 'stacked_bias_g': -0.07797405345623817, 'stacked_within_n_g': 0.5093457943925234}"
484f538e-8c68-47e6-8a8f-22590cfd3dd1,2025-04-26 23:48:17,"['Home', 'Pace', 'eFG%_y', 'TOV%', 'DRB%', 'PTS_last_5_avg', 'MP_last_5_avg', 'PTS_trend_5', 'PTS_vol_5', 'PTS_per_min', 'def_adj', 'Days_of_rest', 'usage_rate', 'month_sin', 'month_cos', 'is_back2back']","['Pace', 'PTS_last_5_avg', 'MP_last_5_avg', 'PTS_vol_5', 'PTS_per_min', 'def_adj', 'PTS_trend_5', 'Days_of_rest', 'usage_rate']","{'rfr_mae_g': 3.824825543887484, 'rfr_rmse_g': 4.730781910654322, 'rfr_r2_g': 0.6871018920591172, 'rfr_bias_g': 0.025360671856364526, 'rfr_within_n_g': 0.49065420560747663, 'xgb_mae_g': 3.6469512152894636, 'xgb_rmse_g': 4.611423173669152, 'xgb_r2_g': 0.7026916974359314, 'xgb_bias_g': -0.08564151224688948, 'xgb_within_n_g': 0.48598130841121495, 'stacked_mae_g': 3.630580115175167, 'stacked_rmse_g': 4.565936684441056, 'stacked_r2_g': 0.7085279927846923, 'stacked_bias_g': -0.07797405345623817, 'stacked_within_n_g': 0.5093457943925234}"
99cf4fd6-d1c7-4436-b646-61689603710a,2025-04-26 23:48:32,"['Home', 'Pace', 'eFG%_y', 'TOV%', 'DRB%', 'PTS_last_5_avg', 'MP_last_5_avg', 'PTS_trend_5', 'PTS_vol_5', 'PTS_per_min', 'def_adj', 'Days_of_rest', 'usage_rate', 'month_sin', 'month_cos', 'is_back2back']","['Pace', 'PTS_last_5_avg', 'MP_last_5_avg', 'PTS_vol_5', 'PTS_per_min', 'def_adj', 'PTS_trend_5', 'Days_of_rest', 'usage_rate']","{'rfr_mae_g': 3.824825543887484, 'rfr_rmse_g': 4.730781910654322, 'rfr_r2_g': 0.6871018920591172, 'rfr_bias_g': 0.025360671856364526, 'rfr_within_n_g': 0.49065420560747663, 'xgb_mae_g': 3.6469512152894636, 'xgb_rmse_g': 4.611423173669152, 'xgb_r2_g': 0.7026916974359314, 'xgb_bias_g': -0.08564151224688948, 'xgb_within_n_g': 0.48598130841121495, 'stacked_mae_g': 3.630580115175167, 'stacked_rmse_g': 4.565936684441056, 'stacked_r2_g': 0.7085279927846923, 'stacked_bias_g': -0.07797405345623817, 'stacked_within_n_g': 0.5093457943925234}"
63031373-bc83-442f-838f-191656571ae1,2025-04-26 23:48:32,"['Home', 'Pace', 'eFG%_y', 'TOV%', 'DRB%', 'PTS_last_5_avg', 'MP_last_5_avg', 'PTS_trend_5', 'PTS_vol_5', 'PTS_per_min', 'def_adj', 'Days_of_rest', 'usage_rate', 'month_sin', 'month_cos', 'is_back2back']","['Pace', 'PTS_last_5_avg', 'MP_last_5_avg', 'PTS_vol_5', 'PTS_per_min', 'def_adj', 'PTS_trend_5', 'Days_of_rest', 'usage_rate']","{'rfr_mae_g': 3.824825543887484, 'rfr_rmse_g': 4.730781910654322, 'rfr_r2_g': 0.6871018920591172, 'rfr_bias_g': 0.025360671856364526, 'rfr_within_n_g': 0.49065420560747663, 'xgb_mae_g': 3.6469512152894636, 'xgb_rmse_g': 4.611423173669152, 'xgb_r2_g': 0.7026916974359314, 'xgb_bias_g': -0.08564151224688948, 'xgb_within_n_g': 0.48598130841121495, 'stacked_mae_g': 3.630580115175167, 'stacked_rmse_g': 4.565936684441056, 'stacked_r2_g': 0.7085279927846923, 'stacked_bias_g': -0.07797405345623817, 'stacked_within_n_g': 0.5093457943925234}"
1039d8b9-f89f-4b0e-b9a8-6624d7d0b58f,2025-04-26 23:48:45,"['Home', 'Pace', 'eFG%_y', 'TOV%', 'DRB%', 'PTS_last_5_avg', 'MP_last_5_avg', 'PTS_trend_5', 'PTS_vol_5', 'PTS_per_min', 'def_adj', 'Days_of_rest', 'usage_rate', 'month_sin', 'month_cos', 'is_back2back']","['Pace', 'PTS_last_5_avg', 'MP_last_5_avg', 'PTS_vol_5', 'PTS_per_min', 'def_adj', 'PTS_trend_5', 'Days_of_rest', 'usage_rate']","{'rfr_mae_g': 3.824825543887484, 'rfr_rmse_g': 4.730781910654322, 'rfr_r2_g': 0.6871018920591172, 'rfr_bias_g': 0.025360671856364526, 'rfr_within_n_g': 0.49065420560747663, 'xgb_mae_g': 3.6469512152894636, 'xgb_rmse_g': 4.611423173669152, 'xgb_r2_g': 0.7026916974359314, 'xgb_bias_g': -0.08564151224688948, 'xgb_within_n_g': 0.48598130841121495, 'stacked_mae_g': 3.630580115175167, 'stacked_rmse_g': 4.565936684441056, 'stacked_r2_g': 0.7085279927846923, 'stacked_bias_g': -0.07797405345623817, 'stacked_within_n_g': 0.5093457943925234}"
e714b55f-bd83-4cc9-b4bb-97715e6cd768,2025-04-26 23:50:46,"['Home', 'Pace', 'eFG%_y', 'TOV%', 'DRB%', 'PTS_last_5_avg', 'MP_last_5_avg', 'PTS_trend_5', 'PTS_vol_5', 'PTS_per_min', 'def_adj', 'Days_of_rest', 'usage_rate', 'month_sin', 'month_cos', 'is_back2back']","['Pace', 'PTS_last_5_avg', 'MP_last_5_avg', 'PTS_vol_5', 'PTS_per_min', 'def_adj', 'PTS_trend_5', 'Days_of_rest', 'usage_rate']","{'rfr_mae_g': 3.824825543887484, 'rfr_rmse_g': 4.730781910654322, 'rfr_r2_g': 0.6871018920591172, 'rfr_bias_g': 0.025360671856364526, 'rfr_within_n_g': 0.49065420560747663, 'xgb_mae_g': 3.6469512152894636, 'xgb_rmse_g': 4.611423173669152, 'xgb_r2_g': 0.7026916974359314, 'xgb_bias_g': -0.08564151224688948, 'xgb_within_n_g': 0.48598130841121495, 'stacked_mae_g': 3.630580115175167, 'stacked_rmse_g': 4.565936684441056, 'stacked_r2_g': 0.7085279927846923, 'stacked_bias_g': -0.07797405345623817, 'stacked_within_n_g': 0.5093457943925234}"
1c1906b1-92aa-4cc7-80f1-c1497a6b4808,2025-04-26 23:50:46,"['Home', 'Pace', 'eFG%_y', 'TOV%', 'DRB%', 'PTS_last_5_avg', 'MP_last_5_avg', 'PTS_trend_5', 'PTS_vol_5', 'PTS_per_min', 'def_adj', 'Days_of_rest', 'usage_rate', 'month_sin', 'month_cos', 'is_back2back']","['Pace', 'PTS_last_5_avg', 'MP_last_5_avg', 'PTS_vol_5', 'PTS_per_min', 'def_adj', 'PTS_trend_5', 'Days_of_rest', 'usage_rate']","{'rfr_mae_g': 3.824825543887484, 'rfr_rmse_g': 4.730781910654322, 'rfr_r2_g': 0.6871018920591172, 'rfr_bias_g': 0.025360671856364526, 'rfr_within_n_g': 0.49065420560747663, 'xgb_mae_g': 3.6469512152894636, 'xgb_rmse_g': 4.611423173669152, 'xgb_r2_g': 0.7026916974359314, 'xgb_bias_g': -0.08564151224688948, 'xgb_within_n_g': 0.48598130841121495, 'stacked_mae_g': 3.630580115175167, 'stacked_rmse_g': 4.565936684441056, 'stacked_r2_g': 0.7085279927846923, 'stacked_bias_g': -0.07797405345623817, 'stacked_within_n_g': 0.5093457943925234}"
2341a7c9-2e8b-42ca-915b-699a87dad9c5,2025-04-26 23:50:48,"['Home', 'Pace', 'eFG%_y', 'TOV%', 'DRB%', 'PTS_last_5_avg', 'MP_last_5_avg', 'PTS_trend_5', 'PTS_vol_5', 'PTS_per_min', 'def_adj', 'Days_of_rest', 'usage_rate', 'month_sin', 'month_cos', 'is_back2back']","['Pace', 'PTS_last_5_avg', 'MP_last_5_avg', 'PTS_vol_5', 'PTS_per_min', 'def_adj', 'PTS_trend_5', 'Days_of_rest', 'usage_rate']","{'rfr_mae_g': 3.824825543887484, 'rfr_rmse_g': 4.730781910654322, 'rfr_r2_g': 0.6871018920591172, 'rfr_bias_g': 0.025360671856364526, 'rfr_within_n_g': 0.49065420560747663, 'xgb_mae_g': 3.6469512152894636, 'xgb_rmse_g': 4.611423173669152, 'xgb_r2_g': 0.7026916974359314, 'xgb_bias_g': -0.08564151224688948, 'xgb_within_n_g': 0.48598130841121495, 'stacked_mae_g': 3.630580115175167, 'stacked_rmse_g': 4.565936684441056, 'stacked_r2_g': 0.7085279927846923, 'stacked_bias_g': -0.07797405345623817, 'stacked_within_n_g': 0.5093457943925234}"
3905e1db-ee51-45c8-98c2-d2140ffc7145,2025-04-26 23:50:48,"['Home', 'Pace', 'eFG%_y', 'TOV%', 'DRB%', 'PTS_last_5_avg', 'MP_last_5_avg', 'PTS_trend_5', 'PTS_vol_5', 'PTS_per_min', 'def_adj', 'Days_of_rest', 'usage_rate', 'month_sin', 'month_cos', 'is_back2back']","['Pace', 'PTS_last_5_avg', 'MP_last_5_avg', 'PTS_vol_5', 'PTS_per_min', 'def_adj', 'PTS_trend_5', 'Days_of_rest', 'usage_rate']","{'rfr_mae_g': 3.824825543887484, 'rfr_rmse_g': 4.730781910654322, 'rfr_r2_g': 0.6871018920591172, 'rfr_bias_g': 0.025360671856364526, 'rfr_within_n_g': 0.49065420560747663, 'xgb_mae_g': 3.6469512152894636, 'xgb_rmse_g': 4.611423173669152, 'xgb_r2_g': 0.7026916974359314, 'xgb_bias_g': -0.08564151224688948, 'xgb_within_n_g': 0.48598130841121495, 'stacked_mae_g': 3.630580115175167, 'stacked_rmse_g': 4.565936684441056, 'stacked_r2_g': 0.7085279927846923, 'stacked_bias_g': -0.07797405345623817, 'stacked_within_n_g': 0.5093457943925234}"
b71fc67a-1d1b-4a17-9657-7d7da0219cf1,2025-04-26 23:50:59,"['Home', 'Pace', 'eFG%_y', 'TOV%', 'DRB%', 'PTS_last_5_avg', 'MP_last_5_avg', 'PTS_trend_5', 'PTS_vol_5', 'PTS_per_min', 'def_adj', 'Days_of_rest', 'usage_rate', 'month_sin', 'month_cos', 'is_back2back']","['Pace', 'PTS_last_5_avg', 'MP_last_5_avg', 'PTS_vol_5', 'PTS_per_min', 'def_adj', 'PTS_trend_5', 'Days_of_rest', 'usage_rate']","{'rfr_mae_g': 3.824825543887484, 'rfr_rmse_g': 4.730781910654322, 'rfr_r2_g': 0.6871018920591172, 'rfr_bias_g': 0.025360671856364526, 'rfr_within_n_g': 0.49065420560747663, 'xgb_mae_g': 3.6469512152894636, 'xgb_rmse_g': 4.611423173669152, 'xgb_r2_g': 0.7026916974359314, 'xgb_bias_g': -0.08564151224688948, 'xgb_within_n_g': 0.48598130841121495, 'stacked_mae_g': 3.630580115175167, 'stacked_rmse_g': 4.565936684441056, 'stacked_r2_g': 0.7085279927846923, 'stacked_bias_g': -0.07797405345623817, 'stacked_within_n_g': 0.5093457943925234}"
d2fcaf84-d192-43ee-b49a-00432b4e22b8,2025-04-26 23:51:22,"['Home', 'Pace', 'eFG%_y', 'TOV%', 'DRB%', 'PTS_last_5_avg', 'MP_last_5_avg', 'PTS_trend_5', 'PTS_vol_5', 'PTS_per_min', 'def_adj', 'Days_of_rest', 'usage_rate', 'month_sin', 'month_cos', 'is_back2back']","['Pace', 'PTS_last_5_avg', 'MP_last_5_avg', 'PTS_vol_5', 'PTS_per_min', 'def_adj', 'PTS_trend_5', 'Days_of_rest', 'usage_rate']","{'rfr_mae_g': 3.824825543887484, 'rfr_rmse_g': 4.730781910654322, 'rfr_r2_g': 0.6871018920591172, 'rfr_bias_g': 0.025360671856364526, 'rfr_within_n_g': 0.49065420560747663, 'xgb_mae_g': 3.6469512152894636, 'xgb_rmse_g': 4.611423173669152, 'xgb_r2_g': 0.7026916974359314, 'xgb_bias_g': -0.08564151224688948, 'xgb_within_n_g': 0.48598130841121495, 'stacked_mae_g': 3.630580115175167, 'stacked_rmse_g': 4.565936684441056, 'stacked_r2_g': 0.7085279927846923, 'stacked_bias_g': -0.07797405345623817, 'stacked_within_n_g': 0.5093457943925234}"
495ef033-3686-45b0-b656-3d9564b78c2d,2025-04-26 23:51:22,"['Home', 'Pace', 'eFG%_y', 'TOV%', 'DRB%', 'PTS_last_5_avg', 'MP_last_5_avg', 'PTS_trend_5', 'PTS_vol_5', 'PTS_per_min', 'def_adj', 'Days_of_rest', 'usage_rate', 'month_sin', 'month_cos', 'is_back2back']","['Pace', 'PTS_last_5_avg', 'MP_last_5_avg', 'PTS_vol_5', 'PTS_per_min', 'def_adj', 'PTS_trend_5', 'Days_of_rest', 'usage_rate']","{'rfr_mae_g': 3.824825543887484, 'rfr_rmse_g': 4.730781910654322, 'rfr_r2_g': 0.6871018920591172, 'rfr_bias_g': 0.025360671856364526, 'rfr_within_n_g': 0.49065420560747663, 'xgb_mae_g': 3.6469512152894636, 'xgb_rmse_g': 4.611423173669152, 'xgb_r2_g': 0.7026916974359314, 'xgb_bias_g': -0.08564151224688948, 'xgb_within_n_g': 0.48598130841121495, 'stacked_mae_g': 3.630580115175167, 'stacked_rmse_g': 4.565936684441056, 'stacked_r2_g': 0.7085279927846923, 'stacked_bias_g': -0.07797405345623817, 'stacked_within_n_g': 0.5093457943925234}"
e03982bd-9474-4dd7-98ef-ebfac9f24dfe,2025-04-26 23:51:25,"['Home', 'Pace', 'eFG%_y', 'TOV%', 'DRB%', 'PTS_last_5_avg', 'MP_last_5_avg', 'PTS_trend_5', 'PTS_vol_5', 'PTS_per_min', 'def_adj', 'Days_of_rest', 'usage_rate', 'month_sin', 'month_cos', 'is_back2back']","['Pace', 'PTS_last_5_avg', 'MP_last_5_avg', 'PTS_vol_5', 'PTS_per_min', 'def_adj', 'PTS_trend_5', 'Days_of_rest', 'usage_rate']","{'rfr_mae_g': 3.824825543887484, 'rfr_rmse_g': 4.730781910654322, 'rfr_r2_g': 0.6871018920591172, 'rfr_bias_g': 0.025360671856364526, 'rfr_within_n_g': 0.49065420560747663, 'xgb_mae_g': 3.6469512152894636, 'xgb_rmse_g': 4.611423173669152, 'xgb_r2_g': 0.7026916974359314, 'xgb_bias_g': -0.08564151224688948, 'xgb_within_n_g': 0.48598130841121495, 'stacked_mae_g': 3.630580115175167, 'stacked_rmse_g': 4.565936684441056, 'stacked_r2_g': 0.7085279927846923, 'stacked_bias_g': -0.07797405345623817, 'stacked_within_n_g': 0.5093457943925234}"
c0de36ea-a746-4e7d-8b9b-125570f75324,2025-04-26 23:51:25,"['Home', 'Pace', 'eFG%_y', 'TOV%', 'DRB%', 'PTS_last_5_avg', 'MP_last_5_avg', 'PTS_trend_5', 'PTS_vol_5', 'PTS_per_min', 'def_adj', 'Days_of_rest', 'usage_rate', 'month_sin', 'month_cos', 'is_back2back']","['Pace', 'PTS_last_5_avg', 'MP_last_5_avg', 'PTS_vol_5', 'PTS_per_min', 'def_adj', 'PTS_trend_5', 'Days_of_rest', 'usage_rate']","{'rfr_mae_g': 3.824825543887484, 'rfr_rmse_g': 4.730781910654322, 'rfr_r2_g': 0.6871018920591172, 'rfr_bias_g': 0.025360671856364526, 'rfr_within_n_g': 0.49065420560747663, 'xgb_mae_g': 3.6469512152894636, 'xgb_rmse_g': 4.611423173669152, 'xgb_r2_g': 0.7026916974359314, 'xgb_bias_g': -0.08564151224688948, 'xgb_within_n_g': 0.48598130841121495, 'stacked_mae_g': 3.630580115175167, 'stacked_rmse_g': 4.565936684441056, 'stacked_r2_g': 0.7085279927846923, 'stacked_bias_g': -0.07797405345623817, 'stacked_within_n_g': 0.5093457943925234}"
b6e7abca-d1e6-4b04-8a99-73a2fe5573a8,2025-04-26 23:51:31,"['Home', 'Pace', 'eFG%_y', 'TOV%', 'DRB%', 'PTS_last_5_avg', 'MP_last_5_avg', 'PTS_trend_5', 'PTS_vol_5', 'PTS_per_min', 'def_adj', 'Days_of_rest', 'usage_rate', 'month_sin', 'month_cos', 'is_back2back']","['Pace', 'PTS_last_5_avg', 'MP_last_5_avg', 'PTS_vol_5', 'PTS_per_min', 'def_adj', 'PTS_trend_5', 'Days_of_rest', 'usage_rate']","{'rfr_mae_g': 3.824825543887484, 'rfr_rmse_g': 4.730781910654322, 'rfr_r2_g': 0.6871018920591172, 'rfr_bias_g': 0.025360671856364526, 'rfr_within_n_g': 0.49065420560747663, 'xgb_mae_g': 3.6469512152894636, 'xgb_rmse_g': 4.611423173669152, 'xgb_r2_g': 0.7026916974359314, 'xgb_bias_g': -0.08564151224688948, 'xgb_within_n_g': 0.48598130841121495, 'stacked_mae_g': 3.630580115175167, 'stacked_rmse_g': 4.565936684441056, 'stacked_r2_g': 0.7085279927846923, 'stacked_bias_g': -0.07797405345623817, 'stacked_within_n_g': 0.5093457943925234}"
bb806e83-10ee-47ed-a9a8-bdb53a6bc166,2025-04-26 23:51:57,"['Home', 'Pace', 'eFG%_y', 'TOV%', 'DRB%', 'PTS_last_5_avg', 'MP_last_5_avg', 'PTS_trend_5', 'PTS_vol_5', 'PTS_per_min', 'def_adj', 'Days_of_rest', 'usage_rate', 'month_sin', 'month_cos', 'is_back2back']","['Pace', 'PTS_last_5_avg', 'MP_last_5_avg', 'PTS_vol_5', 'PTS_per_min', 'def_adj', 'PTS_trend_5', 'Days_of_rest', 'usage_rate']","{'rfr_mae_g': 3.824825543887484, 'rfr_rmse_g': 4.730781910654322, 'rfr_r2_g': 0.6871018920591172, 'rfr_bias_g': 0.025360671856364526, 'rfr_within_n_g': 0.49065420560747663, 'xgb_mae_g': 3.6469512152894636, 'xgb_rmse_g': 4.611423173669152, 'xgb_r2_g': 0.7026916974359314, 'xgb_bias_g': -0.08564151224688948, 'xgb_within_n_g': 0.48598130841121495, 'stacked_mae_g': 3.630580115175167, 'stacked_rmse_g': 4.565936684441056, 'stacked_r2_g': 0.7085279927846923, 'stacked_bias_g': -0.07797405345623817, 'stacked_within_n_g': 0.5093457943925234}"
9262d8ff-f4ad-4a64-8535-daca8e8ae955,2025-04-26 23:51:57,"['Home', 'Pace', 'eFG%_y', 'TOV%', 'DRB%', 'PTS_last_5_avg', 'MP_last_5_avg', 'PTS_trend_5', 'PTS_vol_5', 'PTS_per_min', 'def_adj', 'Days_of_rest', 'usage_rate', 'month_sin', 'month_cos', 'is_back2back']","['Pace', 'PTS_last_5_avg', 'MP_last_5_avg', 'PTS_vol_5', 'PTS_per_min', 'def_adj', 'PTS_trend_5', 'Days_of_rest', 'usage_rate']","{'rfr_mae_g': 3.824825543887484, 'rfr_rmse_g': 4.730781910654322, 'rfr_r2_g': 0.6871018920591172, 'rfr_bias_g': 0.025360671856364526, 'rfr_within_n_g': 0.49065420560747663, 'xgb_mae_g': 3.6469512152894636, 'xgb_rmse_g': 4.611423173669152, 'xgb_r2_g': 0.7026916974359314, 'xgb_bias_g': -0.08564151224688948, 'xgb_within_n_g': 0.48598130841121495, 'stacked_mae_g': 3.630580115175167, 'stacked_rmse_g': 4.565936684441056, 'stacked_r2_g': 0.7085279927846923, 'stacked_bias_g': -0.07797405345623817, 'stacked_within_n_g': 0.5093457943925234}"
7c87eaed-999a-4c02-9e32-d829952fe134,2025-04-26 23:52:09,"['Home', 'Pace', 'eFG%_y', 'TOV%', 'DRB%', 'PTS_last_5_avg', 'MP_last_5_avg', 'PTS_trend_5', 'PTS_vol_5', 'PTS_per_min', 'def_adj', 'Days_of_rest', 'usage_rate', 'month_sin', 'month_cos', 'is_back2back']","['Pace', 'PTS_last_5_avg', 'MP_last_5_avg', 'PTS_vol_5', 'PTS_per_min', 'def_adj', 'PTS_trend_5', 'Days_of_rest', 'usage_rate']","{'rfr_mae_g': 3.824825543887484, 'rfr_rmse_g': 4.730781910654322, 'rfr_r2_g': 0.6871018920591172, 'rfr_bias_g': 0.025360671856364526, 'rfr_within_n_g': 0.49065420560747663, 'xgb_mae_g': 3.6469512152894636, 'xgb_rmse_g': 4.611423173669152, 'xgb_r2_g': 0.7026916974359314, 'xgb_bias_g': -0.08564151224688948, 'xgb_within_n_g': 0.48598130841121495, 'stacked_mae_g': 3.630580115175167, 'stacked_rmse_g': 4.565936684441056, 'stacked_r2_g': 0.7085279927846923, 'stacked_bias_g': -0.07797405345623817, 'stacked_within_n_g': 0.5093457943925234}"
8415db47-10ca-40b9-8134-03ada98081ea,2025-04-26 23:52:15,"['Home', 'Pace', 'eFG%_y', 'TOV%', 'DRB%', 'PTS_last_5_avg', 'MP_last_5_avg', 'PTS_trend_5', 'PTS_vol_5', 'PTS_per_min', 'def_adj', 'Days_of_rest', 'usage_rate', 'month_sin', 'month_cos', 'is_back2back']","['Pace', 'PTS_last_5_avg', 'MP_last_5_avg', 'PTS_vol_5', 'PTS_per_min', 'def_adj', 'PTS_trend_5', 'Days_of_rest', 'usage_rate']","{'rfr_mae_g': 3.824825543887484, 'rfr_rmse_g': 4.730781910654322, 'rfr_r2_g': 0.6871018920591172, 'rfr_bias_g': 0.025360671856364526, 'rfr_within_n_g': 0.49065420560747663, 'xgb_mae_g': 3.6469512152894636, 'xgb_rmse_g': 4.611423173669152, 'xgb_r2_g': 0.7026916974359314, 'xgb_bias_g': -0.08564151224688948, 'xgb_within_n_g': 0.48598130841121495, 'stacked_mae_g': 3.630580115175167, 'stacked_rmse_g': 4.565936684441056, 'stacked_r2_g': 0.7085279927846923, 'stacked_bias_g': -0.07797405345623817, 'stacked_within_n_g': 0.5093457943925234}"
1b1fb598-1468-4fcf-b758-dad151270286,2025-04-26 23:52:16,"['Home', 'Pace', 'eFG%_y', 'TOV%', 'DRB%', 'PTS_last_5_avg', 'MP_last_5_avg', 'PTS_trend_5', 'PTS_vol_5', 'PTS_per_min', 'def_adj', 'Days_of_rest', 'usage_rate', 'month_sin', 'month_cos', 'is_back2back']","['Pace', 'PTS_last_5_avg', 'MP_last_5_avg', 'PTS_vol_5', 'PTS_per_min', 'def_adj', 'PTS_trend_5', 'Days_of_rest', 'usage_rate']","{'rfr_mae_g': 3.824825543887484, 'rfr_rmse_g': 4.730781910654322, 'rfr_r2_g': 0.6871018920591172, 'rfr_bias_g': 0.025360671856364526, 'rfr_within_n_g': 0.49065420560747663, 'xgb_mae_g': 3.6469512152894636, 'xgb_rmse_g': 4.611423173669152, 'xgb_r2_g': 0.7026916974359314, 'xgb_bias_g': -0.08564151224688948, 'xgb_within_n_g': 0.48598130841121495, 'stacked_mae_g': 3.630580115175167, 'stacked_rmse_g': 4.565936684441056, 'stacked_r2_g': 0.7085279927846923, 'stacked_bias_g': -0.07797405345623817, 'stacked_within_n_g': 0.5093457943925234}"
c126e22b-b18f-4951-bc0a-7e2dd3d7078e,2025-04-26 23:52:17,"['Home', 'Pace', 'eFG%_y', 'TOV%', 'DRB%', 'PTS_last_5_avg', 'MP_last_5_avg', 'PTS_trend_5', 'PTS_vol_5', 'PTS_per_min', 'def_adj', 'Days_of_rest', 'usage_rate', 'month_sin', 'month_cos', 'is_back2back']","['Pace', 'PTS_last_5_avg', 'MP_last_5_avg', 'PTS_vol_5', 'PTS_per_min', 'def_adj', 'PTS_trend_5', 'Days_of_rest', 'usage_rate']","{'rfr_mae_g': 3.824825543887484, 'rfr_rmse_g': 4.730781910654322, 'rfr_r2_g': 0.6871018920591172, 'rfr_bias_g': 0.025360671856364526, 'rfr_within_n_g': 0.49065420560747663, 'xgb_mae_g': 3.6469512152894636, 'xgb_rmse_g': 4.611423173669152, 'xgb_r2_g': 0.7026916974359314, 'xgb_bias_g': -0.08564151224688948, 'xgb_within_n_g': 0.48598130841121495, 'stacked_mae_g': 3.630580115175167, 'stacked_rmse_g': 4.565936684441056, 'stacked_r2_g': 0.7085279927846923, 'stacked_bias_g': -0.07797405345623817, 'stacked_within_n_g': 0.5093457943925234}"
e46b90d7-2c7c-43c0-8289-887dd3191a4b,2025-04-26 23:52:22,"['Home', 'Pace', 'eFG%_y', 'TOV%', 'DRB%', 'PTS_last_5_avg', 'MP_last_5_avg', 'PTS_trend_5', 'PTS_vol_5', 'PTS_per_min', 'def_adj', 'Days_of_rest', 'usage_rate', 'month_sin', 'month_cos', 'is_back2back']","['Pace', 'PTS_last_5_avg', 'MP_last_5_avg', 'PTS_vol_5', 'PTS_per_min', 'def_adj', 'PTS_trend_5', 'Days_of_rest', 'usage_rate']","{'rfr_mae_g': 3.824825543887484, 'rfr_rmse_g': 4.730781910654322, 'rfr_r2_g': 0.6871018920591172, 'rfr_bias_g': 0.025360671856364526, 'rfr_within_n_g': 0.49065420560747663, 'xgb_mae_g': 3.6469512152894636, 'xgb_rmse_g': 4.611423173669152, 'xgb_r2_g': 0.7026916974359314, 'xgb_bias_g': -0.08564151224688948, 'xgb_within_n_g': 0.48598130841121495, 'stacked_mae_g': 3.630580115175167, 'stacked_rmse_g': 4.565936684441056, 'stacked_r2_g': 0.7085279927846923, 'stacked_bias_g': -0.07797405345623817, 'stacked_within_n_g': 0.5093457943925234}"
c4def57b-703f-4756-b44a-78746c30e385,2025-04-27 00:57:02,"['Home', 'Pace', 'eFG%_y', 'TOV%', 'DRB%', 'PTS_last_5_avg', 'MP_last_5_avg', 'PTS_trend_5', 'PTS_vol_5', 'PTS_per_min', 'def_adj', 'Days_of_rest', 'usage_rate', 'month_sin', 'month_cos', 'is_back2back']","['Pace', 'PTS_last_5_avg', 'MP_last_5_avg', 'PTS_vol_5', 'PTS_per_min', 'def_adj', 'PTS_trend_5', 'Days_of_rest', 'usage_rate']","{'rfr_mae_g': 3.824825543887484, 'rfr_rmse_g': 4.730781910654322, 'rfr_r2_g': 0.6871018920591172, 'rfr_bias_g': 0.025360671856364526, 'rfr_within_n_g': 0.49065420560747663, 'xgb_mae_g': 3.6469512152894636, 'xgb_rmse_g': 4.611423173669152, 'xgb_r2_g': 0.7026916974359314, 'xgb_bias_g': -0.08564151224688948, 'xgb_within_n_g': 0.48598130841121495, 'stacked_mae_g': 3.630580115175167, 'stacked_rmse_g': 4.565936684441056, 'stacked_r2_g': 0.7085279927846923, 'stacked_bias_g': -0.07797405345623817, 'stacked_within_n_g': 0.5093457943925234}"
c45cd7e5-00d8-4dd3-96ec-b2398f5fef3a,2025-04-27 00:59:06,"['Home', 'Pace', 'eFG%_y', 'TOV%', 'DRB%', 'PTS_last_5_avg', 'MP_last_5_avg', 'PTS_trend_5', 'PTS_vol_5', 'PTS_per_min', 'def_adj', 'Days_of_rest', 'usage_rate', 'month_sin', 'month_cos', 'is_back2back']","['Pace', 'PTS_last_5_avg', 'MP_last_5_avg', 'PTS_vol_5', 'PTS_per_min', 'def_adj', 'PTS_trend_5', 'Days_of_rest', 'usage_rate']","{'rfr_mae_g': 3.824825543887484, 'rfr_rmse_g': 4.730781910654322, 'rfr_r2_g': 0.6871018920591172, 'rfr_bias_g': 0.025360671856364526, 'rfr_within_n_g': 0.49065420560747663, 'xgb_mae_g': 3.6469512152894636, 'xgb_rmse_g': 4.611423173669152, 'xgb_r2_g': 0.7026916974359314, 'xgb_bias_g': -0.08564151224688948, 'xgb_within_n_g': 0.48598130841121495, 'stacked_mae_g': 3.630580115175167, 'stacked_rmse_g': 4.565936684441056, 'stacked_r2_g': 0.7085279927846923, 'stacked_bias_g': -0.07797405345623817, 'stacked_within_n_g': 0.5093457943925234}"
c3a3ebfc-ee7b-49c6-9352-05e3c2087c8e,2025-04-27 00:59:06,"['Home', 'Pace', 'eFG%_y', 'TOV%', 'DRB%', 'PTS_last_5_avg', 'MP_last_5_avg', 'PTS_trend_5', 'PTS_vol_5', 'PTS_per_min', 'def_adj', 'Days_of_rest', 'usage_rate', 'month_sin', 'month_cos', 'is_back2back']","['Pace', 'PTS_last_5_avg', 'MP_last_5_avg', 'PTS_vol_5', 'PTS_per_min', 'def_adj', 'PTS_trend_5', 'Days_of_rest', 'usage_rate']","{'rfr_mae_g': 3.824825543887484, 'rfr_rmse_g': 4.730781910654322, 'rfr_r2_g': 0.6871018920591172, 'rfr_bias_g': 0.025360671856364526, 'rfr_within_n_g': 0.49065420560747663, 'xgb_mae_g': 3.6469512152894636, 'xgb_rmse_g': 4.611423173669152, 'xgb_r2_g': 0.7026916974359314, 'xgb_bias_g': -0.08564151224688948, 'xgb_within_n_g': 0.48598130841121495, 'stacked_mae_g': 3.630580115175167, 'stacked_rmse_g': 4.565936684441056, 'stacked_r2_g': 0.7085279927846923, 'stacked_bias_g': -0.07797405345623817, 'stacked_within_n_g': 0.5093457943925234}"
15925028-ef80-4335-8a1b-e75caaafc0da,2025-04-27 00:59:24,"['Home', 'Pace', 'eFG%_y', 'TOV%', 'DRB%', 'PTS_last_5_avg', 'MP_last_5_avg', 'PTS_trend_5', 'PTS_vol_5', 'PTS_per_min', 'def_adj', 'Days_of_rest', 'usage_rate', 'month_sin', 'month_cos', 'is_back2back']","['Pace', 'PTS_last_5_avg', 'MP_last_5_avg', 'PTS_vol_5', 'PTS_per_min', 'def_adj', 'PTS_trend_5', 'Days_of_rest', 'usage_rate']","{'rfr_mae_g': 3.824825543887484, 'rfr_rmse_g': 4.730781910654322, 'rfr_r2_g': 0.6871018920591172, 'rfr_bias_g': 0.025360671856364526, 'rfr_within_n_g': 0.49065420560747663, 'xgb_mae_g': 3.6469512152894636, 'xgb_rmse_g': 4.611423173669152, 'xgb_r2_g': 0.7026916974359314, 'xgb_bias_g': -0.08564151224688948, 'xgb_within_n_g': 0.48598130841121495, 'stacked_mae_g': 3.630580115175167, 'stacked_rmse_g': 4.565936684441056, 'stacked_r2_g': 0.7085279927846923, 'stacked_bias_g': -0.07797405345623817, 'stacked_within_n_g': 0.5093457943925234}"
e536435a-dd0e-4c1a-8758-074426ef5dd5,2025-04-27 00:59:34,"['Home', 'Pace', 'eFG%_y', 'TOV%', 'DRB%', 'PTS_last_5_avg', 'MP_last_5_avg', 'PTS_trend_5', 'PTS_vol_5', 'PTS_per_min', 'def_adj', 'Days_of_rest', 'usage_rate', 'month_sin', 'month_cos', 'is_back2back']","['Pace', 'PTS_last_5_avg', 'MP_last_5_avg', 'PTS_vol_5', 'PTS_per_min', 'def_adj', 'PTS_trend_5', 'Days_of_rest', 'usage_rate']","{'rfr_mae_g': 3.824825543887484, 'rfr_rmse_g': 4.730781910654322, 'rfr_r2_g': 0.6871018920591172, 'rfr_bias_g': 0.025360671856364526, 'rfr_within_n_g': 0.49065420560747663, 'xgb_mae_g': 3.6469512152894636, 'xgb_rmse_g': 4.611423173669152, 'xgb_r2_g': 0.7026916974359314, 'xgb_bias_g': -0.08564151224688948, 'xgb_within_n_g': 0.48598130841121495, 'stacked_mae_g': 3.630580115175167, 'stacked_rmse_g': 4.565936684441056, 'stacked_r2_g': 0.7085279927846923, 'stacked_bias_g': -0.07797405345623817, 'stacked_within_n_g': 0.5093457943925234}"
9806509c-db97-429f-ae50-b8ee3460dd8e,2025-04-27 01:01:06,"['Home', 'Pace', 'eFG%_y', 'TOV%', 'DRB%', 'PTS_last_5_avg', 'MP_last_5_avg', 'PTS_trend_5', 'PTS_vol_5', 'PTS_per_min', 'def_adj', 'Days_of_rest', 'usage_rate', 'month_sin', 'month_cos', 'is_back2back']","['Pace', 'PTS_last_5_avg', 'MP_last_5_avg', 'PTS_vol_5', 'PTS_per_min', 'def_adj', 'PTS_trend_5', 'Days_of_rest', 'usage_rate']","{'rfr_mae_g': 3.824825543887484, 'rfr_rmse_g': 4.730781910654322, 'rfr_r2_g': 0.6871018920591172, 'rfr_bias_g': 0.025360671856364526, 'rfr_within_n_g': 0.49065420560747663, 'xgb_mae_g': 3.6469512152894636, 'xgb_rmse_g': 4.611423173669152, 'xgb_r2_g': 0.7026916974359314, 'xgb_bias_g': -0.08564151224688948, 'xgb_within_n_g': 0.48598130841121495, 'stacked_mae_g': 3.630580115175167, 'stacked_rmse_g': 4.565936684441056, 'stacked_r2_g': 0.7085279927846923, 'stacked_bias_g': -0.07797405345623817, 'stacked_within_n_g': 0.5093457943925234}"
e7a5bf71-76ef-4881-9c15-6e31c05f89a5,2025-04-27 01:01:15,"['Home', 'Pace', 'eFG%_y', 'TOV%', 'DRB%', 'PTS_last_5_avg', 'MP_last_5_avg', 'PTS_trend_5', 'PTS_vol_5', 'PTS_per_min', 'def_adj', 'Days_of_rest', 'usage_rate', 'month_sin', 'month_cos', 'is_back2back']","['Pace', 'PTS_last_5_avg', 'MP_last_5_avg', 'PTS_vol_5', 'PTS_per_min', 'def_adj', 'PTS_trend_5', 'Days_of_rest', 'usage_rate']","{'rfr_mae_g': 3.824825543887484, 'rfr_rmse_g': 4.730781910654322, 'rfr_r2_g': 0.6871018920591172, 'rfr_bias_g': 0.025360671856364526, 'rfr_within_n_g': 0.49065420560747663, 'xgb_mae_g': 3.6469512152894636, 'xgb_rmse_g': 4.611423173669152, 'xgb_r2_g': 0.7026916974359314, 'xgb_bias_g': -0.08564151224688948, 'xgb_within_n_g': 0.48598130841121495, 'stacked_mae_g': 3.630580115175167, 'stacked_rmse_g': 4.565936684441056, 'stacked_r2_g': 0.7085279927846923, 'stacked_bias_g': -0.07797405345623817, 'stacked_within_n_g': 0.5093457943925234}"
ea4b3634-366b-432a-b01c-12b9321a5558,2025-04-27 01:01:15,"['Home', 'Pace', 'eFG%_y', 'TOV%', 'DRB%', 'PTS_last_5_avg', 'MP_last_5_avg', 'PTS_trend_5', 'PTS_vol_5', 'PTS_per_min', 'def_adj', 'Days_of_rest', 'usage_rate', 'month_sin', 'month_cos', 'is_back2back']","['Pace', 'PTS_last_5_avg', 'MP_last_5_avg', 'PTS_vol_5', 'PTS_per_min', 'def_adj', 'PTS_trend_5', 'Days_of_rest', 'usage_rate']","{'rfr_mae_g': 3.824825543887484, 'rfr_rmse_g': 4.730781910654322, 'rfr_r2_g': 0.6871018920591172, 'rfr_bias_g': 0.025360671856364526, 'rfr_within_n_g': 0.49065420560747663, 'xgb_mae_g': 3.6469512152894636, 'xgb_rmse_g': 4.611423173669152, 'xgb_r2_g': 0.7026916974359314, 'xgb_bias_g': -0.08564151224688948, 'xgb_within_n_g': 0.48598130841121495, 'stacked_mae_g': 3.630580115175167, 'stacked_rmse_g': 4.565936684441056, 'stacked_r2_g': 0.7085279927846923, 'stacked_bias_g': -0.07797405345623817, 'stacked_within_n_g': 0.5093457943925234}"
dc206612-4e58-4f1a-b233-23174ee8a9ca,2025-04-27 01:01:26,"['Home', 'Pace', 'eFG%_y', 'TOV%', 'DRB%', 'PTS_last_5_avg', 'MP_last_5_avg', 'PTS_trend_5', 'PTS_vol_5', 'PTS_per_min', 'def_adj', 'Days_of_rest', 'usage_rate', 'month_sin', 'month_cos', 'is_back2back']","['Pace', 'PTS_last_5_avg', 'MP_last_5_avg', 'PTS_vol_5', 'PTS_per_min', 'def_adj', 'PTS_trend_5', 'Days_of_rest', 'usage_rate']","{'rfr_mae_g': 3.824825543887484, 'rfr_rmse_g': 4.730781910654322, 'rfr_r2_g': 0.6871018920591172, 'rfr_bias_g': 0.025360671856364526, 'rfr_within_n_g': 0.49065420560747663, 'xgb_mae_g': 3.6469512152894636, 'xgb_rmse_g': 4.611423173669152, 'xgb_r2_g': 0.7026916974359314, 'xgb_bias_g': -0.08564151224688948, 'xgb_within_n_g': 0.48598130841121495, 'stacked_mae_g': 3.630580115175167, 'stacked_rmse_g': 4.565936684441056, 'stacked_r2_g': 0.7085279927846923, 'stacked_bias_g': -0.07797405345623817, 'stacked_within_n_g': 0.5093457943925234}"
cba62e49-6760-4b1f-b5ad-9e8f41b48cbd,2025-04-27 01:01:37,"['Home', 'Pace', 'eFG%_y', 'TOV%', 'DRB%', 'PTS_last_5_avg', 'MP_last_5_avg', 'PTS_trend_5', 'PTS_vol_5', 'PTS_per_min', 'def_adj', 'Days_of_rest', 'usage_rate', 'month_sin', 'month_cos', 'is_back2back']","['Pace', 'PTS_last_5_avg', 'MP_last_5_avg', 'PTS_vol_5', 'PTS_per_min', 'def_adj', 'PTS_trend_5', 'Days_of_rest', 'usage_rate']","{'rfr_mae_g': 3.824825543887484, 'rfr_rmse_g': 4.730781910654322, 'rfr_r2_g': 0.6871018920591172, 'rfr_bias_g': 0.025360671856364526, 'rfr_within_n_g': 0.49065420560747663, 'xgb_mae_g': 3.6469512152894636, 'xgb_rmse_g': 4.611423173669152, 'xgb_r2_g': 0.7026916974359314, 'xgb_bias_g': -0.08564151224688948, 'xgb_within_n_g': 0.48598130841121495, 'stacked_mae_g': 3.630580115175167, 'stacked_rmse_g': 4.565936684441056, 'stacked_r2_g': 0.7085279927846923, 'stacked_bias_g': -0.07797405345623817, 'stacked_within_n_g': 0.5093457943925234}"
ae613959-4d3e-445a-93d5-b8a358c5c853,2025-04-27 01:01:37,"['Home', 'Pace', 'eFG%_y', 'TOV%', 'DRB%', 'PTS_last_5_avg', 'MP_last_5_avg', 'PTS_trend_5', 'PTS_vol_5', 'PTS_per_min', 'def_adj', 'Days_of_rest', 'usage_rate', 'month_sin', 'month_cos', 'is_back2back']","['Pace', 'PTS_last_5_avg', 'MP_last_5_avg', 'PTS_vol_5', 'PTS_per_min', 'def_adj', 'PTS_trend_5', 'Days_of_rest', 'usage_rate']","{'rfr_mae_g': 3.824825543887484, 'rfr_rmse_g': 4.730781910654322, 'rfr_r2_g': 0.6871018920591172, 'rfr_bias_g': 0.025360671856364526, 'rfr_within_n_g': 0.49065420560747663, 'xgb_mae_g': 3.6469512152894636, 'xgb_rmse_g': 4.611423173669152, 'xgb_r2_g': 0.7026916974359314, 'xgb_bias_g': -0.08564151224688948, 'xgb_within_n_g': 0.48598130841121495, 'stacked_mae_g': 3.630580115175167, 'stacked_rmse_g': 4.565936684441056, 'stacked_r2_g': 0.7085279927846923, 'stacked_bias_g': -0.07797405345623817, 'stacked_within_n_g': 0.5093457943925234}"
8b563756-cb3b-4065-9d49-86df26bae520,2025-04-27 01:02:09,"['Home', 'Pace', 'eFG%_y', 'TOV%', 'DRB%', 'PTS_last_5_avg', 'MP_last_5_avg', 'PTS_trend_5', 'PTS_vol_5', 'PTS_per_min', 'def_adj', 'Days_of_rest', 'usage_rate', 'month_sin', 'month_cos', 'is_back2back']","['Pace', 'PTS_last_5_avg', 'MP_last_5_avg', 'PTS_vol_5', 'PTS_per_min', 'def_adj', 'PTS_trend_5', 'Days_of_rest', 'usage_rate']","{'rfr_mae_g': 3.824825543887484, 'rfr_rmse_g': 4.730781910654322, 'rfr_r2_g': 0.6871018920591172, 'rfr_bias_g': 0.025360671856364526, 'rfr_within_n_g': 0.49065420560747663, 'xgb_mae_g': 3.6469512152894636, 'xgb_rmse_g': 4.611423173669152, 'xgb_r2_g': 0.7026916974359314, 'xgb_bias_g': -0.08564151224688948, 'xgb_within_n_g': 0.48598130841121495, 'stacked_mae_g': 3.630580115175167, 'stacked_rmse_g': 4.565936684441056, 'stacked_r2_g': 0.7085279927846923, 'stacked_bias_g': -0.07797405345623817, 'stacked_within_n_g': 0.5093457943925234}"
59cfed74-d5f7-4ca3-8249-c16a872f573e,2025-04-27 01:02:09,"['Home', 'Pace', 'eFG%_y', 'TOV%', 'DRB%', 'PTS_last_5_avg', 'MP_last_5_avg', 'PTS_trend_5', 'PTS_vol_5', 'PTS_per_min', 'def_adj', 'Days_of_rest', 'usage_rate', 'month_sin', 'month_cos', 'is_back2back']","['Pace', 'PTS_last_5_avg', 'MP_last_5_avg', 'PTS_vol_5', 'PTS_per_min', 'def_adj', 'PTS_trend_5', 'Days_of_rest', 'usage_rate']","{'rfr_mae_g': 3.824825543887484, 'rfr_rmse_g': 4.730781910654322, 'rfr_r2_g': 0.6871018920591172, 'rfr_bias_g': 0.025360671856364526, 'rfr_within_n_g': 0.49065420560747663, 'xgb_mae_g': 3.6469512152894636, 'xgb_rmse_g': 4.611423173669152, 'xgb_r2_g': 0.7026916974359314, 'xgb_bias_g': -0.08564151224688948, 'xgb_within_n_g': 0.48598130841121495, 'stacked_mae_g': 3.630580115175167, 'stacked_rmse_g': 4.565936684441056, 'stacked_r2_g': 0.7085279927846923, 'stacked_bias_g': -0.07797405345623817, 'stacked_within_n_g': 0.5093457943925234}"
939c699e-eaed-4615-9500-61f29834e3b5,2025-04-27 01:08:06,"['Home', 'Pace', 'eFG%_y', 'TOV%', 'DRB%', 'PTS_last_5_avg', 'MP_last_5_avg', 'PTS_trend_5', 'PTS_vol_5', 'PTS_per_min', 'def_adj', 'Days_of_rest', 'usage_rate', 'month_sin', 'month_cos', 'is_back2back']","['Pace', 'PTS_last_5_avg', 'MP_last_5_avg', 'PTS_vol_5', 'PTS_per_min', 'def_adj', 'PTS_trend_5', 'Days_of_rest', 'usage_rate']","{'rfr_mae_g': 3.824825543887484, 'rfr_rmse_g': 4.730781910654322, 'rfr_r2_g': 0.6871018920591172, 'rfr_bias_g': 0.025360671856364526, 'rfr_within_n_g': 0.49065420560747663, 'xgb_mae_g': 3.6469512152894636, 'xgb_rmse_g': 4.611423173669152, 'xgb_r2_g': 0.7026916974359314, 'xgb_bias_g': -0.08564151224688948, 'xgb_within_n_g': 0.48598130841121495, 'stacked_mae_g': 3.630580115175167, 'stacked_rmse_g': 4.565936684441056, 'stacked_r2_g': 0.7085279927846923, 'stacked_bias_g': -0.07797405345623817, 'stacked_within_n_g': 0.5093457943925234}"
e3ff100f-c1cb-4112-85c1-4ac37cdf6e33,2025-04-27 01:26:03,"['Home', 'Pace', 'eFG%_y', 'TOV%', 'DRB%', 'PTS_last_5_avg', 'MP_last_5_avg', 'PTS_trend_5', 'PTS_vol_5', 'PTS_per_min', 'def_adj', 'Days_of_rest', 'usage_rate', 'month_sin', 'month_cos', 'is_back2back']","['Pace', 'PTS_last_5_avg', 'MP_last_5_avg', 'PTS_vol_5', 'PTS_per_min', 'def_adj', 'PTS_trend_5', 'Days_of_rest', 'usage_rate']","{'rfr_mae_g': 3.824825543887484, 'rfr_rmse_g': 4.730781910654322, 'rfr_r2_g': 0.6871018920591172, 'rfr_bias_g': 0.025360671856364526, 'rfr_within_n_g': 0.49065420560747663, 'xgb_mae_g': 3.6469512152894636, 'xgb_rmse_g': 4.611423173669152, 'xgb_r2_g': 0.7026916974359314, 'xgb_bias_g': -0.08564151224688948, 'xgb_within_n_g': 0.48598130841121495, 'stacked_mae_g': 3.630580115175167, 'stacked_rmse_g': 4.565936684441056, 'stacked_r2_g': 0.7085279927846923, 'stacked_bias_g': -0.07797405345623817, 'stacked_within_n_g': 0.5093457943925234}"
08f245b9-406c-47a7-9cab-8b88455d8b36,2025-04-27 01:26:25,"['Home', 'Pace', 'eFG%_y', 'TOV%', 'DRB%', 'PTS_last_5_avg', 'MP_last_5_avg', 'PTS_trend_5', 'PTS_vol_5', 'PTS_per_min', 'def_adj', 'Days_of_rest', 'usage_rate', 'month_sin', 'month_cos', 'is_back2back']","['Pace', 'PTS_last_5_avg', 'MP_last_5_avg', 'PTS_vol_5', 'PTS_per_min', 'def_adj', 'PTS_trend_5', 'Days_of_rest', 'usage_rate']","{'rfr_mae_g': 3.824825543887484, 'rfr_rmse_g': 4.730781910654322, 'rfr_r2_g': 0.6871018920591172, 'rfr_bias_g': 0.025360671856364526, 'rfr_within_n_g': 0.49065420560747663, 'xgb_mae_g': 3.6469512152894636, 'xgb_rmse_g': 4.611423173669152, 'xgb_r2_g': 0.7026916974359314, 'xgb_bias_g': -0.08564151224688948, 'xgb_within_n_g': 0.48598130841121495, 'stacked_mae_g': 3.630580115175167, 'stacked_rmse_g': 4.565936684441056, 'stacked_r2_g': 0.7085279927846923, 'stacked_bias_g': -0.07797405345623817, 'stacked_within_n_g': 0.5093457943925234}"
06e5b862-48f5-4651-b7d5-647acc76f065,2025-04-27 01:27:40,"['Home', 'Pace', 'eFG%_y', 'TOV%', 'DRB%', 'PTS_last_5_avg', 'MP_last_5_avg', 'PTS_trend_5', 'PTS_vol_5', 'PTS_per_min', 'def_adj', 'Days_of_rest', 'usage_rate', 'month_sin', 'month_cos', 'is_back2back']","['Pace', 'PTS_last_5_avg', 'MP_last_5_avg', 'PTS_vol_5', 'PTS_per_min', 'def_adj', 'PTS_trend_5', 'Days_of_rest', 'usage_rate']","{'rfr_mae_g': 3.824825543887484, 'rfr_rmse_g': 4.730781910654322, 'rfr_r2_g': 0.6871018920591172, 'rfr_bias_g': 0.025360671856364526, 'rfr_within_n_g': 0.49065420560747663, 'xgb_mae_g': 3.6469512152894636, 'xgb_rmse_g': 4.611423173669152, 'xgb_r2_g': 0.7026916974359314, 'xgb_bias_g': -0.08564151224688948, 'xgb_within_n_g': 0.48598130841121495, 'stacked_mae_g': 3.630580115175167, 'stacked_rmse_g': 4.565936684441056, 'stacked_r2_g': 0.7085279927846923, 'stacked_bias_g': -0.07797405345623817, 'stacked_within_n_g': 0.5093457943925234}"
539f86c7-abb8-4fd4-970e-6e794e272199,2025-04-27 01:27:51,"['Home', 'Pace', 'eFG%_y', 'TOV%', 'DRB%', 'PTS_last_5_avg', 'MP_last_5_avg', 'PTS_trend_5', 'PTS_vol_5', 'PTS_per_min', 'def_adj', 'Days_of_rest', 'usage_rate', 'month_sin', 'month_cos', 'is_back2back']","['Pace', 'PTS_last_5_avg', 'MP_last_5_avg', 'PTS_vol_5', 'PTS_per_min', 'def_adj', 'PTS_trend_5', 'Days_of_rest', 'usage_rate']","{'rfr_mae_g': 3.824825543887484, 'rfr_rmse_g': 4.730781910654322, 'rfr_r2_g': 0.6871018920591172, 'rfr_bias_g': 0.025360671856364526, 'rfr_within_n_g': 0.49065420560747663, 'xgb_mae_g': 3.6469512152894636, 'xgb_rmse_g': 4.611423173669152, 'xgb_r2_g': 0.7026916974359314, 'xgb_bias_g': -0.08564151224688948, 'xgb_within_n_g': 0.48598130841121495, 'stacked_mae_g': 3.630580115175167, 'stacked_rmse_g': 4.565936684441056, 'stacked_r2_g': 0.7085279927846923, 'stacked_bias_g': -0.07797405345623817, 'stacked_within_n_g': 0.5093457943925234}"
6f13e6cd-d145-40c4-9dad-997e721d893c,2025-04-27 01:28:28,"['Home', 'Pace', 'eFG%_y', 'TOV%', 'DRB%', 'PTS_last_5_avg', 'MP_last_5_avg', 'PTS_trend_5', 'PTS_vol_5', 'PTS_per_min', 'def_adj', 'Days_of_rest', 'usage_rate', 'month_sin', 'month_cos', 'is_back2back']","['Pace', 'PTS_last_5_avg', 'MP_last_5_avg', 'PTS_vol_5', 'PTS_per_min', 'def_adj', 'PTS_trend_5', 'Days_of_rest', 'usage_rate']","{'rfr_mae_g': 3.824825543887484, 'rfr_rmse_g': 4.730781910654322, 'rfr_r2_g': 0.6871018920591172, 'rfr_bias_g': 0.025360671856364526, 'rfr_within_n_g': 0.49065420560747663, 'xgb_mae_g': 3.6469512152894636, 'xgb_rmse_g': 4.611423173669152, 'xgb_r2_g': 0.7026916974359314, 'xgb_bias_g': -0.08564151224688948, 'xgb_within_n_g': 0.48598130841121495, 'stacked_mae_g': 3.630580115175167, 'stacked_rmse_g': 4.565936684441056, 'stacked_r2_g': 0.7085279927846923, 'stacked_bias_g': -0.07797405345623817, 'stacked_within_n_g': 0.5093457943925234}"
d90499c0-b403-4228-b21f-5e90978aa5ee,2025-04-27 01:29:05,"['Home', 'Pace', 'eFG%_y', 'TOV%', 'DRB%', 'PTS_last_5_avg', 'MP_last_5_avg', 'PTS_trend_5', 'PTS_vol_5', 'PTS_per_min', 'def_adj', 'Days_of_rest', 'usage_rate', 'month_sin', 'month_cos', 'is_back2back']","['Pace', 'PTS_last_5_avg', 'MP_last_5_avg', 'PTS_vol_5', 'PTS_per_min', 'def_adj', 'PTS_trend_5', 'Days_of_rest', 'usage_rate']","{'rfr_mae_g': 3.824825543887484, 'rfr_rmse_g': 4.730781910654322, 'rfr_r2_g': 0.6871018920591172, 'rfr_bias_g': 0.025360671856364526, 'rfr_within_n_g': 0.49065420560747663, 'xgb_mae_g': 3.6469512152894636, 'xgb_rmse_g': 4.611423173669152, 'xgb_r2_g': 0.7026916974359314, 'xgb_bias_g': -0.08564151224688948, 'xgb_within_n_g': 0.48598130841121495, 'stacked_mae_g': 3.630580115175167, 'stacked_rmse_g': 4.565936684441056, 'stacked_r2_g': 0.7085279927846923, 'stacked_bias_g': -0.07797405345623817, 'stacked_within_n_g': 0.5093457943925234}"
8d7739f5-e424-48c8-99df-b5334b30ac12,2025-04-27 01:29:22,"['Home', 'Pace', 'eFG%_y', 'TOV%', 'DRB%', 'PTS_last_5_avg', 'MP_last_5_avg', 'PTS_trend_5', 'PTS_vol_5', 'PTS_per_min', 'def_adj', 'Days_of_rest', 'usage_rate', 'month_sin', 'month_cos', 'is_back2back']","['Pace', 'PTS_last_5_avg', 'MP_last_5_avg', 'PTS_vol_5', 'PTS_per_min', 'def_adj', 'PTS_trend_5', 'Days_of_rest', 'usage_rate']","{'rfr_mae_g': 3.824825543887484, 'rfr_rmse_g': 4.730781910654322, 'rfr_r2_g': 0.6871018920591172, 'rfr_bias_g': 0.025360671856364526, 'rfr_within_n_g': 0.49065420560747663, 'xgb_mae_g': 3.6469512152894636, 'xgb_rmse_g': 4.611423173669152, 'xgb_r2_g': 0.7026916974359314, 'xgb_bias_g': -0.08564151224688948, 'xgb_within_n_g': 0.48598130841121495, 'stacked_mae_g': 3.630580115175167, 'stacked_rmse_g': 4.565936684441056, 'stacked_r2_g': 0.7085279927846923, 'stacked_bias_g': -0.07797405345623817, 'stacked_within_n_g': 0.5093457943925234}"
ae50b5d9-4c0d-4ab8-9b70-2c05757721b4,2025-04-27 01:29:35,"['Home', 'Pace', 'eFG%_y', 'TOV%', 'DRB%', 'PTS_last_5_avg', 'MP_last_5_avg', 'PTS_trend_5', 'PTS_vol_5', 'PTS_per_min', 'def_adj', 'Days_of_rest', 'usage_rate', 'month_sin', 'month_cos', 'is_back2back']","['Pace', 'PTS_last_5_avg', 'MP_last_5_avg', 'PTS_vol_5', 'PTS_per_min', 'def_adj', 'PTS_trend_5', 'Days_of_rest', 'usage_rate']","{'rfr_mae_g': 3.824825543887484, 'rfr_rmse_g': 4.730781910654322, 'rfr_r2_g': 0.6871018920591172, 'rfr_bias_g': 0.025360671856364526, 'rfr_within_n_g': 0.49065420560747663, 'xgb_mae_g': 3.6469512152894636, 'xgb_rmse_g': 4.611423173669152, 'xgb_r2_g': 0.7026916974359314, 'xgb_bias_g': -0.08564151224688948, 'xgb_within_n_g': 0.48598130841121495, 'stacked_mae_g': 3.630580115175167, 'stacked_rmse_g': 4.565936684441056, 'stacked_r2_g': 0.7085279927846923, 'stacked_bias_g': -0.07797405345623817, 'stacked_within_n_g': 0.5093457943925234}", 1
ae30da8e-21d7-4be1-98a7-77b4a798b567,2025-04-27 01:32:23,"['Home', 'Pace', 'eFG%_y', 'TOV%', 'DRB%', 'PTS_last_5_avg', 'MP_last_5_avg', 'PTS_trend_5', 'PTS_vol_5', 'PTS_per_min', 'def_adj', 'Days_of_rest', 'usage_rate', 'month_sin', 'month_cos', 'is_back2back']","['Pace', 'PTS_last_5_avg', 'MP_last_5_avg', 'PTS_vol_5', 'PTS_per_min', 'def_adj', 'PTS_trend_5', 'Days_of_rest', 'usage_rate']","{'rfr_mae_g': 3.824825543887484, 'rfr_rmse_g': 4.730781910654322, 'rfr_r2_g': 0.6871018920591172, 'rfr_bias_g': 0.025360671856364526, 'rfr_within_n_g': 0.49065420560747663, 'xgb_mae_g': 3.6469512152894636, 'xgb_rmse_g': 4.611423173669152, 'xgb_r2_g': 0.7026916974359314, 'xgb_bias_g': -0.08564151224688948, 'xgb_within_n_g': 0.48598130841121495, 'stacked_mae_g': 3.630580115175167, 'stacked_rmse_g': 4.565936684441056, 'stacked_r2_g': 0.7085279927846923, 'stacked_bias_g': -0.07797405345623817, 'stacked_within_n_g': 0.5093457943925234}"
022e3818-b16a-41bc-983c-f264b0f8e67c,2025-04-27 01:32:33,"['Home', 'Pace', 'eFG%_y', 'TOV%', 'DRB%', 'PTS_last_5_avg', 'MP_last_5_avg', 'PTS_trend_5', 'PTS_vol_5', 'PTS_per_min', 'def_adj', 'Days_of_rest', 'usage_rate', 'month_sin', 'month_cos', 'is_back2back']","['Pace', 'PTS_last_5_avg', 'MP_last_5_avg', 'PTS_vol_5', 'PTS_per_min', 'def_adj', 'PTS_trend_5', 'Days_of_rest', 'usage_rate']","{'rfr_mae_g': 3.824825543887484, 'rfr_rmse_g': 4.730781910654322, 'rfr_r2_g': 0.6871018920591172, 'rfr_bias_g': 0.025360671856364526, 'rfr_within_n_g': 0.49065420560747663, 'xgb_mae_g': 3.6469512152894636, 'xgb_rmse_g': 4.611423173669152, 'xgb_r2_g': 0.7026916974359314, 'xgb_bias_g': -0.08564151224688948, 'xgb_within_n_g': 0.48598130841121495, 'stacked_mae_g': 3.630580115175167, 'stacked_rmse_g': 4.565936684441056, 'stacked_r2_g': 0.7085279927846923, 'stacked_bias_g': -0.07797405345623817, 'stacked_within_n_g': 0.5093457943925234}"
3b5d2b05-05ff-4a4d-a9f8-6d3f8b56c49a,2025-04-27 01:34:37,"['Home', 'Pace', 'eFG%_y', 'TOV%', 'DRB%', 'PTS_last_5_avg', 'MP_last_5_avg', 'PTS_trend_5', 'PTS_vol_5', 'PTS_per_min', 'def_adj', 'Days_of_rest', 'usage_rate', 'month_sin', 'month_cos', 'is_back2back']","['Pace', 'PTS_last_5_avg', 'MP_last_5_avg', 'PTS_vol_5', 'PTS_per_min', 'def_adj', 'PTS_trend_5', 'Days_of_rest', 'usage_rate']","{'rfr_mae_g': 3.824825543887484, 'rfr_rmse_g': 4.730781910654322, 'rfr_r2_g': 0.6871018920591172, 'rfr_bias_g': 0.025360671856364526, 'rfr_within_n_g': 0.49065420560747663, 'xgb_mae_g': 3.6469512152894636, 'xgb_rmse_g': 4.611423173669152, 'xgb_r2_g': 0.7026916974359314, 'xgb_bias_g': -0.08564151224688948, 'xgb_within_n_g': 0.48598130841121495, 'stacked_mae_g': 3.630580115175167, 'stacked_rmse_g': 4.565936684441056, 'stacked_r2_g': 0.7085279927846923, 'stacked_bias_g': -0.07797405345623817, 'stacked_within_n_g': 0.5093457943925234}"
fc27ca83-0c1a-4732-bac1-f1ce346652fc,2025-04-27 01:35:41,"['Home', 'Pace', 'eFG%_y', 'TOV%', 'DRB%', 'PTS_last_5_avg', 'MP_last_5_avg', 'PTS_trend_5', 'PTS_vol_5', 'PTS_per_min', 'def_adj', 'Days_of_rest', 'usage_rate', 'month_sin', 'month_cos', 'is_back2back']","['Pace', 'PTS_last_5_avg', 'MP_last_5_avg', 'PTS_vol_5', 'PTS_per_min', 'def_adj', 'PTS_trend_5', 'Days_of_rest', 'usage_rate']","{'rfr_mae_g': 3.824825543887484, 'rfr_rmse_g': 4.730781910654322, 'rfr_r2_g': 0.6871018920591172, 'rfr_bias_g': 0.025360671856364526, 'rfr_within_n_g': 0.49065420560747663, 'xgb_mae_g': 3.6469512152894636, 'xgb_rmse_g': 4.611423173669152, 'xgb_r2_g': 0.7026916974359314, 'xgb_bias_g': -0.08564151224688948, 'xgb_within_n_g': 0.48598130841121495, 'stacked_mae_g': 3.630580115175167, 'stacked_rmse_g': 4.565936684441056, 'stacked_r2_g': 0.7085279927846923, 'stacked_bias_g': -0.07797405345623817, 'stacked_within_n_g': 0.5093457943925234}"
5ec5c4a4-d2d4-4ba7-9f8e-a1de28d22ae3,2025-04-27 01:36:05,"['Home', 'Pace', 'eFG%_y', 'TOV%', 'DRB%', 'PTS_last_5_avg', 'MP_last_5_avg', 'PTS_trend_5', 'PTS_vol_5', 'PTS_per_min', 'def_adj', 'Days_of_rest', 'usage_rate', 'month_sin', 'month_cos', 'is_back2back']","['Pace', 'PTS_last_5_avg', 'MP_last_5_avg', 'PTS_vol_5', 'PTS_per_min', 'def_adj', 'PTS_trend_5', 'Days_of_rest', 'usage_rate']","{'rfr_mae_g': 3.824825543887484, 'rfr_rmse_g': 4.730781910654322, 'rfr_r2_g': 0.6871018920591172, 'rfr_bias_g': 0.025360671856364526, 'rfr_within_n_g': 0.49065420560747663, 'xgb_mae_g': 3.6469512152894636, 'xgb_rmse_g': 4.611423173669152, 'xgb_r2_g': 0.7026916974359314, 'xgb_bias_g': -0.08564151224688948, 'xgb_within_n_g': 0.48598130841121495, 'stacked_mae_g': 3.630580115175167, 'stacked_rmse_g': 4.565936684441056, 'stacked_r2_g': 0.7085279927846923, 'stacked_bias_g': -0.07797405345623817, 'stacked_within_n_g': 0.5093457943925234}"
972a27d2-adcb-40a6-9c9a-1c0838b81965,2025-04-27 01:43:56,"['Home', 'Pace', 'eFG%_y', 'TOV%', 'DRB%', 'PTS_last_5_avg', 'MP_last_5_avg', 'PTS_trend_5', 'PTS_vol_5', 'PTS_per_min', 'def_adj', 'Days_of_rest', 'usage_rate', 'month_sin', 'month_cos', 'is_back2back']","['Pace', 'PTS_last_5_avg', 'MP_last_5_avg', 'PTS_vol_5', 'PTS_per_min', 'def_adj', 'PTS_trend_5', 'Days_of_rest', 'usage_rate']","{'rfr_mae_g': 3.824825543887484, 'rfr_rmse_g': 4.730781910654322, 'rfr_r2_g': 0.6871018920591172, 'rfr_bias_g': 0.025360671856364526, 'rfr_within_n_g': 0.49065420560747663, 'xgb_mae_g': 3.6469512152894636, 'xgb_rmse_g': 4.611423173669152, 'xgb_r2_g': 0.7026916974359314, 'xgb_bias_g': -0.08564151224688948, 'xgb_within_n_g': 0.48598130841121495, 'stacked_mae_g': 3.630580115175167, 'stacked_rmse_g': 4.565936684441056, 'stacked_r2_g': 0.7085279927846923, 'stacked_bias_g': -0.07797405345623817, 'stacked_within_n_g': 0.5093457943925234}",0
0f536670-ad0f-4d97-852c-dfb9169ac7a0,2025-04-27 02:56:18,"['Home', 'Pace', 'eFG%_y', 'TOV%', 'DRB%', 'PTS_last_5_avg', 'MP_last_5_avg', 'PTS_trend_5', 'PTS_vol_5', 'PTS_per_min', 'def_adj', 'Days_of_rest', 'usage_rate', 'month_sin', 'month_cos', 'is_back2back']","['Pace', 'PTS_last_5_avg', 'MP_last_5_avg', 'PTS_vol_5', 'PTS_per_min', 'def_adj', 'PTS_trend_5', 'Days_of_rest', 'usage_rate']","{'rfr_mae_g': 3.824825543887484, 'rfr_rmse_g': 4.730781910654322, 'rfr_r2_g': 0.6871018920591172, 'rfr_bias_g': 0.025360671856364526, 'rfr_within_n_g': 0.49065420560747663, 'xgb_mae_g': 3.6469512152894636, 'xgb_rmse_g': 4.611423173669152, 'xgb_r2_g': 0.7026916974359314, 'xgb_bias_g': -0.08564151224688948, 'xgb_within_n_g': 0.48598130841121495, 'stacked_mae_g': 3.630580115175167, 'stacked_rmse_g': 4.565936684441056, 'stacked_r2_g': 0.7085279927846923, 'stacked_bias_g': -0.07797405345623817, 'stacked_within_n_g': 0.5093457943925234}",0
a2f361d3-f9cf-4c91-9514-6fbff62a380c,2025-04-27 02:58:09,"['Home', 'Pace', 'eFG%_y', 'TOV%', 'DRB%', 'PTS_last_5_avg', 'MP_last_5_avg', 'PTS_trend_5', 'PTS_vol_5', 'PTS_per_min', 'def_adj', 'Days_of_rest', 'usage_rate', 'month_sin', 'month_cos', 'is_back2back']","['Pace', 'PTS_last_5_avg', 'MP_last_5_avg', 'PTS_vol_5', 'PTS_per_min', 'def_adj', 'PTS_trend_5', 'Days_of_rest', 'usage_rate']","{'rfr_mae_g': 3.824825543887484, 'rfr_rmse_g': 4.730781910654322, 'rfr_r2_g': 0.6871018920591172, 'rfr_bias_g': 0.025360671856364526, 'rfr_within_n_g': 0.49065420560747663, 'xgb_mae_g': 3.6469512152894636, 'xgb_rmse_g': 4.611423173669152, 'xgb_r2_g': 0.7026916974359314, 'xgb_bias_g': -0.08564151224688948, 'xgb_within_n_g': 0.48598130841121495, 'stacked_mae_g': 3.630580115175167, 'stacked_rmse_g': 4.565936684441056, 'stacked_r2_g': 0.7085279927846923, 'stacked_bias_g': -0.07797405345623817, 'stacked_within_n_g': 0.5093457943925234}",0
f5842cc2-7a6c-4847-bf2d-792256be3535,2025-04-27 02:58:31,"['Home', 'Pace', 'eFG%_y', 'TOV%', 'DRB%', 'PTS_last_5_avg', 'MP_last_5_avg', 'PTS_trend_5', 'PTS_vol_5', 'PTS_per_min', 'def_adj', 'Days_of_rest', 'usage_rate', 'month_sin', 'month_cos', 'is_back2back']","['Pace', 'PTS_last_5_avg', 'MP_last_5_avg', 'PTS_vol_5', 'PTS_per_min', 'def_adj', 'PTS_trend_5', 'Days_of_rest', 'usage_rate']","{'rfr_mae_g': 3.824825543887484, 'rfr_rmse_g': 4.730781910654322, 'rfr_r2_g': 0.6871018920591172, 'rfr_bias_g': 0.025360671856364526, 'rfr_within_n_g': 0.49065420560747663, 'xgb_mae_g': 3.6469512152894636, 'xgb_rmse_g': 4.611423173669152, 'xgb_r2_g': 0.7026916974359314, 'xgb_bias_g': -0.08564151224688948, 'xgb_within_n_g': 0.48598130841121495, 'stacked_mae_g': 3.630580115175167, 'stacked_rmse_g': 4.565936684441056, 'stacked_r2_g': 0.7085279927846923, 'stacked_bias_g': -0.07797405345623817, 'stacked_within_n_g': 0.5093457943925234}",0
1e39ebcf-ff66-46b7-b9a7-6b0f32bc4d03,2025-04-27 03:00:20,"['Home', 'Pace', 'eFG%_y', 'TOV%', 'DRB%', 'PTS_last_5_avg', 'MP_last_5_avg', 'PTS_trend_5', 'PTS_vol_5', 'PTS_per_min', 'def_adj', 'Days_of_rest', 'usage_rate', 'month_sin', 'month_cos', 'is_back2back']","['Pace', 'PTS_last_5_avg', 'MP_last_5_avg', 'PTS_vol_5', 'PTS_per_min', 'def_adj', 'PTS_trend_5', 'Days_of_rest', 'usage_rate']","{'rfr_mae_g': 3.824825543887484, 'rfr_rmse_g': 4.730781910654322, 'rfr_r2_g': 0.6871018920591172, 'rfr_bias_g': 0.025360671856364526, 'rfr_within_n_g': 0.49065420560747663, 'xgb_mae_g': 3.6469512152894636, 'xgb_rmse_g': 4.611423173669152, 'xgb_r2_g': 0.7026916974359314, 'xgb_bias_g': -0.08564151224688948, 'xgb_within_n_g': 0.48598130841121495, 'stacked_mae_g': 3.630580115175167, 'stacked_rmse_g': 4.565936684441056, 'stacked_r2_g': 0.7085279927846923, 'stacked_bias_g': -0.07797405345623817, 'stacked_within_n_g': 0.5093457943925234}",False
a265fa25-af4b-4fdb-a6bc-c3ad8e91b3bb,2025-04-27 03:00:43,"['Home', 'Pace', 'eFG%_y', 'TOV%', 'DRB%', 'PTS_last_5_avg', 'MP_last_5_avg', 'PTS_trend_5', 'PTS_vol_5', 'PTS_per_min', 'def_adj', 'Days_of_rest', 'usage_rate', 'month_sin', 'month_cos', 'is_back2back']","['Pace', 'PTS_last_5_avg', 'MP_last_5_avg', 'PTS_vol_5', 'PTS_per_min', 'def_adj', 'PTS_trend_5', 'Days_of_rest', 'usage_rate']","{'rfr_mae_g': 3.824825543887484, 'rfr_rmse_g': 4.730781910654322, 'rfr_r2_g': 0.6871018920591172, 'rfr_bias_g': 0.025360671856364526, 'rfr_within_n_g': 0.49065420560747663, 'xgb_mae_g': 3.6469512152894636, 'xgb_rmse_g': 4.611423173669152, 'xgb_r2_g': 0.7026916974359314, 'xgb_bias_g': -0.08564151224688948, 'xgb_within_n_g': 0.48598130841121495, 'stacked_mae_g': 3.630580115175167, 'stacked_rmse_g': 4.565936684441056, 'stacked_r2_g': 0.7085279927846923, 'stacked_bias_g': -0.07797405345623817, 'stacked_within_n_g': 0.5093457943925234}",True
b6034410-df6a-4040-9ab3-1979934dd7c6,2025-04-27 03:03:00,"['Home', 'Pace', 'eFG%_y', 'TOV%', 'DRB%', 'PTS_last_5_avg', 'MP_last_5_avg', 'PTS_trend_5', 'PTS_vol_5', 'PTS_per_min', 'def_adj', 'Days_of_rest', 'usage_rate', 'month_sin', 'month_cos', 'is_back2back']","['Pace', 'PTS_last_5_avg', 'MP_last_5_avg', 'PTS_vol_5', 'PTS_per_min', 'def_adj', 'PTS_trend_5', 'Days_of_rest', 'usage_rate']","{'rfr_mae_g': 3.824825543887484, 'rfr_rmse_g': 4.730781910654322, 'rfr_r2_g': 0.6871018920591172, 'rfr_bias_g': 0.025360671856364526, 'rfr_within_n_g': 0.49065420560747663, 'xgb_mae_g': 3.6469512152894636, 'xgb_rmse_g': 4.611423173669152, 'xgb_r2_g': 0.7026916974359314, 'xgb_bias_g': -0.08564151224688948, 'xgb_within_n_g': 0.48598130841121495, 'stacked_mae_g': 3.630580115175167, 'stacked_rmse_g': 4.565936684441056, 'stacked_r2_g': 0.7085279927846923, 'stacked_bias_g': -0.07797405345623817, 'stacked_within_n_g': 0.5093457943925234}",1
43338750-eb9c-49f9-954d-c5a0d9d5e1f4,2025-04-27 03:04:32,"['Home', 'Pace', 'eFG%_y', 'TOV%', 'DRB%', 'PTS_last_5_avg', 'MP_last_5_avg', 'PTS_trend_5', 'PTS_vol_5', 'PTS_per_min', 'def_adj', 'Days_of_rest', 'usage_rate', 'month_sin', 'month_cos', 'is_back2back']","['Pace', 'PTS_last_5_avg', 'MP_last_5_avg', 'PTS_vol_5', 'PTS_per_min', 'def_adj', 'PTS_trend_5', 'Days_of_rest', 'usage_rate']","{'rfr_mae_g': 3.824825543887484, 'rfr_rmse_g': 4.730781910654322, 'rfr_r2_g': 0.6871018920591172, 'rfr_bias_g': 0.025360671856364526, 'rfr_within_n_g': 0.49065420560747663, 'xgb_mae_g': 3.6469512152894636, 'xgb_rmse_g': 4.611423173669152, 'xgb_r2_g': 0.7026916974359314, 'xgb_bias_g': -0.08564151224688948, 'xgb_within_n_g': 0.48598130841121495, 'stacked_mae_g': 3.630580115175167, 'stacked_rmse_g': 4.565936684441056, 'stacked_r2_g': 0.7085279927846923, 'stacked_bias_g': -0.07797405345623817, 'stacked_within_n_g': 0.5093457943925234}",True
237e97ba-f39c-4233-a3e4-2963aa1a93b8,2025-04-27 03:07:36,"['Home', 'Pace', 'eFG%_y', 'TOV%', 'DRB%', 'PTS_last_5_avg', 'MP_last_5_avg', 'PTS_trend_5', 'PTS_vol_5', 'PTS_per_min', 'def_adj', 'Days_of_rest', 'usage_rate', 'month_sin', 'month_cos', 'is_back2back']","['Pace', 'PTS_last_5_avg', 'MP_last_5_avg', 'PTS_vol_5', 'PTS_per_min', 'def_adj', 'PTS_trend_5', 'Days_of_rest', 'usage_rate']","{'rfr_mae_g': 3.824825543887484, 'rfr_rmse_g': 4.730781910654322, 'rfr_r2_g': 0.6871018920591172, 'rfr_bias_g': 0.025360671856364526, 'rfr_within_n_g': 0.49065420560747663, 'xgb_mae_g': 3.6469512152894636, 'xgb_rmse_g': 4.611423173669152, 'xgb_r2_g': 0.7026916974359314, 'xgb_bias_g': -0.08564151224688948, 'xgb_within_n_g': 0.48598130841121495, 'stacked_mae_g': 3.630580115175167, 'stacked_rmse_g': 4.565936684441056, 'stacked_r2_g': 0.7085279927846923, 'stacked_bias_g': -0.07797405345623817, 'stacked_within_n_g': 0.5093457943925234}",False
8aa88245-3729-45f4-9269-f3d0142d94b0,2025-04-27 03:10:20,"['Home', 'Pace', 'eFG%_y', 'TOV%', 'DRB%', 'PTS_last_5_avg', 'MP_last_5_avg', 'PTS_trend_5', 'PTS_vol_5', 'PTS_per_min', 'def_adj', 'Days_of_rest', 'usage_rate', 'month_sin', 'month_cos', 'is_back2back']","['Pace', 'PTS_last_5_avg', 'MP_last_5_avg', 'PTS_vol_5', 'PTS_per_min', 'def_adj', 'PTS_trend_5', 'Days_of_rest', 'usage_rate']","{'rfr_mae_g': 3.824825543887484, 'rfr_rmse_g': 4.730781910654322, 'rfr_r2_g': 0.6871018920591172, 'rfr_bias_g': 0.025360671856364526, 'rfr_within_n_g': 0.49065420560747663, 'xgb_mae_g': 3.6469512152894636, 'xgb_rmse_g': 4.611423173669152, 'xgb_r2_g': 0.7026916974359314, 'xgb_bias_g': -0.08564151224688948, 'xgb_within_n_g': 0.48598130841121495, 'stacked_mae_g': 3.630580115175167, 'stacked_rmse_g': 4.565936684441056, 'stacked_r2_g': 0.7085279927846923, 'stacked_bias_g': -0.07797405345623817, 'stacked_within_n_g': 0.5093457943925234}",True
d5d317dd-aa04-4614-9fba-37d298800be5,2025-04-27 03:12:15,"['Home', 'Pace', 'eFG%_y', 'TOV%', 'DRB%', 'PTS_last_5_avg', 'MP_last_5_avg', 'PTS_trend_5', 'PTS_vol_5', 'PTS_per_min', 'def_adj', 'Days_of_rest', 'usage_rate', 'month_sin', 'month_cos', 'is_back2back']","['Pace', 'PTS_last_5_avg', 'MP_last_5_avg', 'PTS_vol_5', 'PTS_per_min', 'def_adj', 'PTS_trend_5', 'Days_of_rest', 'usage_rate']","{'rfr_mae_g': 3.824825543887484, 'rfr_rmse_g': 4.730781910654322, 'rfr_r2_g': 0.6871018920591172, 'rfr_bias_g': 0.025360671856364526, 'rfr_within_n_g': 0.49065420560747663, 'xgb_mae_g': 3.6469512152894636, 'xgb_rmse_g': 4.611423173669152, 'xgb_r2_g': 0.7026916974359314, 'xgb_bias_g': -0.08564151224688948, 'xgb_within_n_g': 0.48598130841121495, 'stacked_mae_g': 3.630580115175167, 'stacked_rmse_g': 4.565936684441056, 'stacked_r2_g': 0.7085279927846923, 'stacked_bias_g': -0.07797405345623817, 'stacked_within_n_g': 0.5093457943925234}",True
463cef30-f3fc-47d9-baab-a2d66037caf5,2025-04-27 03:12:38,"['Home', 'Pace', 'eFG%_y', 'TOV%', 'DRB%', 'PTS_last_5_avg', 'MP_last_5_avg', 'PTS_trend_5', 'PTS_vol_5', 'PTS_per_min', 'def_adj', 'Days_of_rest', 'usage_rate', 'month_sin', 'month_cos', 'is_back2back']","['Pace', 'PTS_last_5_avg', 'MP_last_5_avg', 'PTS_vol_5', 'PTS_per_min', 'def_adj', 'PTS_trend_5', 'Days_of_rest', 'usage_rate']","{'rfr_mae_g': 3.824825543887484, 'rfr_rmse_g': 4.730781910654322, 'rfr_r2_g': 0.6871018920591172, 'rfr_bias_g': 0.025360671856364526, 'rfr_within_n_g': 0.49065420560747663, 'xgb_mae_g': 3.6469512152894636, 'xgb_rmse_g': 4.611423173669152, 'xgb_r2_g': 0.7026916974359314, 'xgb_bias_g': -0.08564151224688948, 'xgb_within_n_g': 0.48598130841121495, 'stacked_mae_g': 3.630580115175167, 'stacked_rmse_g': 4.565936684441056, 'stacked_r2_g': 0.7085279927846923, 'stacked_bias_g': -0.07797405345623817, 'stacked_within_n_g': 0.5093457943925234}",True
96a809d3-5de5-482c-911e-8ba7bc1ebd3e,2025-04-27 03:13:56,"['Home', 'Pace', 'eFG%_y', 'TOV%', 'DRB%', 'PTS_last_5_avg', 'MP_last_5_avg', 'PTS_trend_5', 'PTS_vol_5', 'PTS_per_min', 'def_adj', 'Days_of_rest', 'usage_rate', 'month_sin', 'month_cos', 'is_back2back']","['Pace', 'PTS_last_5_avg', 'MP_last_5_avg', 'PTS_vol_5', 'PTS_per_min', 'def_adj', 'PTS_trend_5', 'Days_of_rest', 'usage_rate']","{'rfr_mae_g': 3.824825543887484, 'rfr_rmse_g': 4.730781910654322, 'rfr_r2_g': 0.6871018920591172, 'rfr_bias_g': 0.025360671856364526, 'rfr_within_n_g': 0.49065420560747663, 'xgb_mae_g': 3.6469512152894636, 'xgb_rmse_g': 4.611423173669152, 'xgb_r2_g': 0.7026916974359314, 'xgb_bias_g': -0.08564151224688948, 'xgb_within_n_g': 0.48598130841121495, 'stacked_mae_g': 3.630580115175167, 'stacked_rmse_g': 4.565936684441056, 'stacked_r2_g': 0.7085279927846923, 'stacked_bias_g': -0.07797405345623817, 'stacked_within_n_g': 0.5093457943925234}",True
750caad4-7edf-48f7-83bb-1c066967312e,2025-04-27 03:37:48,"['Home', 'Pace', 'eFG%_y', 'TOV%', 'DRB%', 'PTS_last_5_avg', 'MP_last_5_avg', 'PTS_trend_5', 'PTS_vol_5', 'PTS_per_min', 'def_adj', 'Days_of_rest', 'usage_rate', 'month_sin', 'month_cos', 'is_back2back']","['Pace', 'PTS_last_5_avg', 'MP_last_5_avg', 'PTS_vol_5', 'PTS_per_min', 'def_adj', 'PTS_trend_5', 'Days_of_rest', 'usage_rate']","{'rfr_mae_g': 3.824825543887484, 'rfr_rmse_g': 4.730781910654322, 'rfr_r2_g': 0.6871018920591172, 'rfr_bias_g': 0.025360671856364526, 'rfr_within_n_g': 0.49065420560747663, 'xgb_mae_g': 3.6469512152894636, 'xgb_rmse_g': 4.611423173669152, 'xgb_r2_g': 0.7026916974359314, 'xgb_bias_g': -0.08564151224688948, 'xgb_within_n_g': 0.48598130841121495, 'stacked_mae_g': 3.630580115175167, 'stacked_rmse_g': 4.565936684441056, 'stacked_r2_g': 0.7085279927846923, 'stacked_bias_g': -0.07797405345623817, 'stacked_within_n_g': 0.5093457943925234}",False
